{
  "openai/ada": {
    "runtime_per_output_token": 0.019,
    "runtime_for_prompt_tokens": {
      "1": 0.021,
      "16": 0.022,
      "32": 0.021,
      "64": 0.021,
      "128": 0.021,
      "192": 0.022,
      "256": 0.022,
      "320": 0.023,
      "384": 0.024,
      "428": 0.025,
      "472": 0.025,
      "512": 0.025,
      "576": 0.025,
      "640": 0.026,
      "704": 0.027,
      "768": 0.027,
      "832": 0.028,
      "896": 0.028,
      "960": 0.029,
      "1024": 0.03,
      "1152": 0.031,
      "1280": 0.032,
      "1408": 0.033,
      "1536": 0.034,
      "1664": 0.036,
      "1792": 0.039,
      "1920": 0.041
    }
  },
  "openai/davinci": {
    "runtime_per_output_token": 0.081,
    "runtime_for_prompt_tokens": {
      "1": 0.084,
      "16": 0.087,
      "32": 0.089,
      "64": 0.091,
      "128": 0.094,
      "192": 0.103,
      "256": 0.109,
      "320": 0.134,
      "384": 0.142,
      "428": 0.176,
      "472": 0.175,
      "512": 0.178,
      "576": 0.217,
      "640": 0.226,
      "704": 0.249,
      "768": 0.254,
      "832": 0.288,
      "896": 0.294,
      "960": 0.316,
      "1024": 0.323,
      "1152": 0.364,
      "1280": 0.403,
      "1408": 0.442,
      "1536": 0.476,
      "1664": 0.523,
      "1792": 0.559,
      "1920": 0.597
    }
  },
  "together/opt-175b": {
    "runtime_per_output_token": 0.081,
    "runtime_for_prompt_tokens": {
      "1": 0.084,
      "16": 0.087,
      "32": 0.089,
      "64": 0.091,
      "128": 0.094,
      "192": 0.103,
      "256": 0.109,
      "320": 0.134,
      "384": 0.142,
      "428": 0.176,
      "472": 0.175,
      "512": 0.178,
      "576": 0.217,
      "640": 0.226,
      "704": 0.249,
      "768": 0.254,
      "832": 0.288,
      "896": 0.294,
      "960": 0.316,
      "1024": 0.323,
      "1152": 0.364,
      "1280": 0.403,
      "1408": 0.442,
      "1536": 0.476,
      "1664": 0.523,
      "1792": 0.559,
      "1920": 0.597
    }
  },
  "ai21/j1-large": {
    "runtime_per_output_token": 0.024,
    "runtime_for_prompt_tokens": {
      "1": 0.027,
      "16": 0.027,
      "32": 0.027,
      "64": 0.027,
      "128": 0.027,
      "192": 0.028,
      "256": 0.029,
      "320": 0.034,
      "384": 0.036,
      "428": 0.046,
      "472": 0.046,
      "512": 0.047,
      "576": 0.052,
      "640": 0.055,
      "704": 0.065,
      "768": 0.067,
      "832": 0.077,
      "896": 0.079,
      "960": 0.086,
      "1024": 0.089,
      "1152": 0.1,
      "1280": 0.107,
      "1408": 0.12,
      "1536": 0.133,
      "1664": 0.139,
      "1792": 0.159,
      "1920": 0.167
    }
  },
  "openai/curie": {
    "runtime_per_output_token": 0.024,
    "runtime_for_prompt_tokens": {
      "1": 0.027,
      "16": 0.027,
      "32": 0.027,
      "64": 0.027,
      "128": 0.027,
      "192": 0.028,
      "256": 0.029,
      "320": 0.034,
      "384": 0.036,
      "428": 0.046,
      "472": 0.046,
      "512": 0.047,
      "576": 0.052,
      "640": 0.055,
      "704": 0.065,
      "768": 0.067,
      "832": 0.077,
      "896": 0.079,
      "960": 0.086,
      "1024": 0.089,
      "1152": 0.1,
      "1280": 0.107,
      "1408": 0.12,
      "1536": 0.133,
      "1664": 0.139,
      "1792": 0.159,
      "1920": 0.167
    }
  },
  "microsoft/TNLGv2_7B": {
    "runtime_per_output_token": 0.024,
    "runtime_for_prompt_tokens": {
      "1": 0.027,
      "16": 0.027,
      "32": 0.027,
      "64": 0.027,
      "128": 0.027,
      "192": 0.028,
      "256": 0.029,
      "320": 0.034,
      "384": 0.036,
      "428": 0.046,
      "472": 0.046,
      "512": 0.047,
      "576": 0.052,
      "640": 0.055,
      "704": 0.065,
      "768": 0.067,
      "832": 0.077,
      "896": 0.079,
      "960": 0.086,
      "1024": 0.089,
      "1152": 0.1,
      "1280": 0.107,
      "1408": 0.12,
      "1536": 0.133,
      "1664": 0.139,
      "1792": 0.159,
      "1920": 0.167
    }
  },
  "ai21/j1-grande": {
    "runtime_per_output_token": 0.038,
    "runtime_for_prompt_tokens": {
      "1": 0.041,
      "16": 0.043,
      "32": 0.041,
      "64": 0.041,
      "128": 0.042,
      "192": 0.053,
      "256": 0.056,
      "320": 0.076,
      "384": 0.08,
      "428": 0.095,
      "472": 0.095,
      "512": 0.097,
      "576": 0.117,
      "640": 0.121,
      "704": 0.144,
      "768": 0.148,
      "832": 0.167,
      "896": 0.171,
      "960": 0.185,
      "1024": 0.19,
      "1152": 0.221,
      "1280": 0.246,
      "1408": 0.278,
      "1536": 0.298,
      "1664": 0.327,
      "1792": 0.351,
      "1920": 0.38
    }
  },
  "ai21/j1-jumbo": {
    "runtime_per_output_token": 0.064,
    "runtime_for_prompt_tokens": {
      "1": 0.069,
      "16": 0.069,
      "32": 0.071,
      "64": 0.072,
      "128": 0.078,
      "192": 0.09,
      "256": 0.097,
      "320": 0.133,
      "384": 0.139,
      "428": 0.157,
      "472": 0.16,
      "512": 0.164,
      "576": 0.197,
      "640": 0.21,
      "704": 0.238,
      "768": 0.245,
      "832": 0.273,
      "896": 0.276,
      "960": 0.303,
      "1024": 0.31,
      "1152": 0.342,
      "1280": 0.399,
      "1408": 0.436,
      "1536": 0.465,
      "1664": 0.516,
      "1792": 0.552,
      "1920": 0.603
    }
  },
  "huggingface/gptj_6b": {
    "runtime_per_output_token": 0.021,
    "runtime_for_prompt_tokens": {
      "1": 0.023,
      "16": 0.024,
      "32": 0.023,
      "64": 0.023,
      "128": 0.024,
      "192": 0.025,
      "256": 0.025,
      "320": 0.03,
      "384": 0.032,
      "428": 0.041,
      "472": 0.041,
      "512": 0.042,
      "576": 0.046,
      "640": 0.048,
      "704": 0.057,
      "768": 0.058,
      "832": 0.067,
      "896": 0.069,
      "960": 0.075,
      "1024": 0.076,
      "1152": 0.086,
      "1280": 0.092,
      "1408": 0.103,
      "1536": 0.113,
      "1664": 0.119,
      "1792": 0.136,
      "1920": 0.142
    }
  },
  "gooseai/gpt-j-6b": {
    "runtime_per_output_token": 0.021,
    "runtime_for_prompt_tokens": {
      "1": 0.023,
      "16": 0.024,
      "32": 0.023,
      "64": 0.023,
      "128": 0.024,
      "192": 0.025,
      "256": 0.025,
      "320": 0.03,
      "384": 0.032,
      "428": 0.041,
      "472": 0.041,
      "512": 0.042,
      "576": 0.046,
      "640": 0.048,
      "704": 0.057,
      "768": 0.058,
      "832": 0.067,
      "896": 0.069,
      "960": 0.075,
      "1024": 0.076,
      "1152": 0.086,
      "1280": 0.092,
      "1408": 0.103,
      "1536": 0.113,
      "1664": 0.119,
      "1792": 0.136,
      "1920": 0.142
    }
  },
  "together/gpt-j-6b": {
    "runtime_per_output_token": 0.021,
    "runtime_for_prompt_tokens": {
      "1": 0.023,
      "16": 0.024,
      "32": 0.023,
      "64": 0.023,
      "128": 0.024,
      "192": 0.025,
      "256": 0.025,
      "320": 0.03,
      "384": 0.032,
      "428": 0.041,
      "472": 0.041,
      "512": 0.042,
      "576": 0.046,
      "640": 0.048,
      "704": 0.057,
      "768": 0.058,
      "832": 0.067,
      "896": 0.069,
      "960": 0.075,
      "1024": 0.076,
      "1152": 0.086,
      "1280": 0.092,
      "1408": 0.103,
      "1536": 0.113,
      "1664": 0.119,
      "1792": 0.136,
      "1920": 0.142
    }
  },
  "gooseai/gpt-neo-20b": {
    "runtime_per_output_token": 0.033,
    "runtime_for_prompt_tokens": {
      "1": 0.035,
      "16": 0.036,
      "32": 0.035,
      "64": 0.036,
      "128": 0.044,
      "192": 0.057,
      "256": 0.06,
      "320": 0.079,
      "384": 0.082,
      "428": 0.118,
      "472": 0.11,
      "512": 0.114,
      "576": 0.141,
      "640": 0.146,
      "704": 0.162,
      "768": 0.167,
      "832": 0.197,
      "896": 0.209,
      "960": 0.227,
      "1024": 0.234,
      "1152": 0.256,
      "1280": 0.289,
      "1408": 0.319,
      "1536": 0.347,
      "1664": 0.382,
      "1792": 0.414,
      "1920": 0.442
    }
  },
  "together/gpt-neox-20b": {
    "runtime_per_output_token": 0.033,
    "runtime_for_prompt_tokens": {
      "1": 0.035,
      "16": 0.036,
      "32": 0.035,
      "64": 0.036,
      "128": 0.044,
      "192": 0.057,
      "256": 0.06,
      "320": 0.079,
      "384": 0.082,
      "428": 0.118,
      "472": 0.11,
      "512": 0.114,
      "576": 0.141,
      "640": 0.146,
      "704": 0.162,
      "768": 0.167,
      "832": 0.197,
      "896": 0.209,
      "960": 0.227,
      "1024": 0.234,
      "1152": 0.256,
      "1280": 0.289,
      "1408": 0.319,
      "1536": 0.347,
      "1664": 0.382,
      "1792": 0.414,
      "1920": 0.442
    }
  },
  "microsoft/TNLGv2_530B": {
    "runtime_per_output_token": 0.123,
    "runtime_for_prompt_tokens": {
      "1": 0.125,
      "16": 0.134,
      "32": 0.141,
      "64": 0.15,
      "128": 0.172,
      "192": 0.247,
      "256": 0.273,
      "320": 0.386,
      "384": 0.422,
      "428": 0.46,
      "472": 0.482,
      "512": 0.49,
      "576": 0.571,
      "640": 0.619,
      "704": 0.735,
      "768": 0.76,
      "832": 0.839,
      "896": 0.865,
      "960": 0.921,
      "1024": 0.951,
      "1152": 1.09,
      "1280": 1.22,
      "1408": 1.37,
      "1536": 1.468,
      "1664": 1.609,
      "1792": 1.716,
      "1920": 1.852
    }
  },
  "anthropic/stanford-online-all-v4-s3": {
    "runtime_per_output_token": 0.054,
    "runtime_for_prompt_tokens": {
      "1": 0.055,
      "16": 0.059,
      "32": 0.056,
      "64": 0.057,
      "128": 0.06,
      "192": 0.061,
      "256": 0.068,
      "320": 0.078,
      "384": 0.082,
      "428": 0.105,
      "472": 0.107,
      "512": 0.108,
      "576": 0.121,
      "640": 0.125,
      "704": 0.145,
      "768": 0.149,
      "832": 0.172,
      "896": 0.175,
      "960": 0.182,
      "1024": 0.189,
      "1152": 0.211,
      "1280": 0.231,
      "1408": 0.256,
      "1536": 0.279,
      "1664": 0.298,
      "1792": 0.33,
      "1920": 0.342
    }
  },
  "cohere/xlarge-20220609": {
    "runtime_per_output_token": 0.054,
    "runtime_for_prompt_tokens": {
      "1": 0.055,
      "16": 0.059,
      "32": 0.056,
      "64": 0.057,
      "128": 0.06,
      "192": 0.061,
      "256": 0.068,
      "320": 0.078,
      "384": 0.082,
      "428": 0.105,
      "472": 0.107,
      "512": 0.108,
      "576": 0.121,
      "640": 0.125,
      "704": 0.145,
      "768": 0.149,
      "832": 0.172,
      "896": 0.175,
      "960": 0.182,
      "1024": 0.189,
      "1152": 0.211,
      "1280": 0.231,
      "1408": 0.256,
      "1536": 0.279,
      "1664": 0.298,
      "1792": 0.33,
      "1920": 0.342
    }
  },
  "together/bloom": {
    "runtime_per_output_token": 0.061,
    "runtime_for_prompt_tokens": {
      "1": 0.068,
      "16": 0.068,
      "32": 0.068,
      "64": 0.071,
      "128": 0.078,
      "192": 0.099,
      "256": 0.111,
      "320": 0.14,
      "384": 0.15,
      "428": 0.185,
      "472": 0.185,
      "512": 0.191,
      "576": 0.212,
      "640": 0.218,
      "704": 0.258,
      "768": 0.266,
      "832": 0.3,
      "896": 0.311,
      "960": 0.33,
      "1024": 0.347,
      "1152": 0.392,
      "1280": 0.436,
      "1408": 0.483,
      "1536": 0.521,
      "1664": 0.575,
      "1792": 0.618,
      "1920": 0.669
    }
  },
  "together/opt-66b": {
    "runtime_per_output_token": 0.055,
    "runtime_for_prompt_tokens": {
      "1": 0.056,
      "16": 0.06,
      "32": 0.06,
      "64": 0.062,
      "128": 0.064,
      "192": 0.065,
      "256": 0.074,
      "320": 0.092,
      "384": 0.097,
      "428": 0.122,
      "472": 0.122,
      "512": 0.126,
      "576": 0.15,
      "640": 0.152,
      "704": 0.178,
      "768": 0.184,
      "832": 0.212,
      "896": 0.22,
      "960": 0.239,
      "1024": 0.246,
      "1152": 0.287,
      "1280": 0.318,
      "1408": 0.359,
      "1536": 0.385,
      "1664": 0.435,
      "1792": 0.469,
      "1920": 0.508
    }
  },
  "together/yalm": {
    "runtime_per_output_token": 0.068,
    "runtime_for_prompt_tokens": {
      "1": 0.071,
      "16": 0.071,
      "32": 0.071,
      "64": 0.107,
      "128": 0.112,
      "192": 0.146,
      "256": 0.167,
      "320": 0.219,
      "384": 0.229,
      "428": 0.281,
      "472": 0.276,
      "512": 0.284,
      "576": 0.331,
      "640": 0.347,
      "704": 0.397,
      "768": 0.414,
      "832": 0.478,
      "896": 0.487,
      "960": 0.509,
      "1024": 0.527,
      "1152": 0.593,
      "1280": 0.676,
      "1408": 0.771,
      "1536": 0.809,
      "1664": 0.863,
      "1792": 0.919,
      "1920": 1.006
    }
  }
}